province,abbr,nbs_region,role_group,infrastructure_types,public_function,representative_products_and_clusters,major_upstream_inputs,main_downstream_links,source_keys,confidence
北京市,京,東部,服務創新,"公共治理；研發教育網絡；金融與數位服務；航空與鐵路樞紐",全國行政決策與高端服務及創新資源配置,"資訊技術；軟體與數位服務；生物醫藥；新能源汽車研發；科技與商務服務","高階人才；資料與算力；研發設備；跨區能源與民生供應","全國政府與企業服務；研發成果；金融與資訊服務",mofcom_province2025|nbs_yearbook2025|mot_transportplan2021,中高
天津市,津,東部,沿海製造,"沿海與多式聯運；區域商貿；製造業能源與物流網絡",京津冀海運門戶與北方先進製造節點,"高端裝備；汽車；積體電路；生物醫藥；新材料；綠色石化","能源與化工原料；電子零組件；金屬材料；產業設備","京津冀市場；沿海與跨境貿易；裝備及材料供應鏈",mofcom_province2025|mot_transportplan2021,中高
河北省,冀,東部,沿海製造,"沿海物流；公路鐵路網；能源與原材料運輸；都市圈配套",京津冀製造配套、原材料加工與北方物流銜接,"鋼鐵材料；綠色化工；機器人；新能源與智慧汽車；電子資訊","鐵礦與能源；化工原料；電子與汽車零組件","建築與機械；汽車；京津冀產業配套；沿海貨運",mofcom_province2025|nbs_yearbook2025|mot_transportplan2021,中高
山西省,晉,中部,能源材料,"煤炭與電力系統；鐵路公路大宗運輸；內陸產業平台",全國能源與材料供應、資源型經濟轉型,"煤炭與電力；特鋼；鋁鎂與銅基材料；光伏與風電裝備；新能源汽車","礦產；水與環境容量；製造設備；技術與資本","跨省能源；鋼材與新材料；新能源裝備；中部製造業",mofcom_province2025|nbs_yearbook2025|nea_energy2025,中高
內蒙古自治區,蒙,西部,能源材料,"能源生產與跨區電力；鐵路大宗運輸；沿邊物流；算力與資料服務",北方能源、戰略材料、農畜產品與對蒙俄經貿門戶,"煤炭與電力；風光能源；稀土與合金材料；煤化工；乳肉與羊絨；算力服務","水資源；採礦與發電設備；化工投入；物流與資料設備","跨區電力與能源；新材料；農畜加工品；北向貿易",mofcom_province2025|nea_energy2025|mot_transportplan2021,中高
遼寧省,遼,東北,沿海製造,"東北沿海港航；鐵路公路網；重工業物流；區域研發網絡",東北工業基地、海運門戶與裝備材料供應中心,"高端裝備；汽車；石化；鋼鐵與新材料；積體電路設備","能源與礦石；化工原料；電子零組件；工業軟體與設備","東北產業鏈；全國裝備與材料市場；沿海貿易",mofcom_province2025|mot_transportplan2021,中高
吉林省,吉,東北,農業製造,"公路鐵路與沿邊物流；農產品集運；汽車與石化配套網絡",東北汽車製造、糧食加工與對東北亞連結,"汽車；農產品與食品；石化；光電資訊；裝備與醫藥","能源；零組件；化工原料；農業投入；工業設備","汽車與零組件；糧食與食品；東北亞及國內市場",mofcom_province2025|nbs_yearbook2025|mot_transportplan2021,中高
黑龍江省,黑,東北,農業資源,"糧食收儲與運輸；油氣與電力；沿邊鐵路公路；現代物流",全國重要商品糧與能源供應、向北開放窗口,"糧食與食品；油氣與化工；智能農機；高端裝備；生物與數位產業","農業投入與機械；能源設備；化工投入；冷鏈與運輸服務","全國糧食與食品；能源化工；農業機械；對俄貿易",mofcom_province2025|nbs_yearbook2025|mot_transportplan2021,中高
上海市,滬,東部,服務創新,"國際航運與航空；金融交易；數位通訊；長江口多式聯運",全球資源配置、金融貿易、航運與高端製造服務中心,"積體電路；生物醫藥；人工智慧；汽車；高端裝備；金融與專業服務","全球資本與資料；能源與原材料；高階設備；長三角零組件","國際貿易與金融；長三角製造；航運與專業服務",mofcom_province2025|mot_transportplan2021|mot_transport2025,高
江蘇省,蘇,東部,沿海製造,"沿海與長江港航；密集公鐵網；電力與產業園區；數位通訊",長三角先進製造、出口及產業配套核心,"電力與新能源裝備；工程機械；積體電路與顯示；通訊；汽車；紡織；船舶與海工民用裝備","能源與金屬；晶片設備材料；化工投入；全球訂單與技術","全國與全球電子、機械、汽車、能源設備及消費品市場",mofcom_province2025|mot_transportplan2021|nbs_yearbook2025,高
浙江省,浙,東部,沿海製造,"沿海港航；電商與快遞網絡；數位平台；長三角公鐵物流",民營製造、數位商貿、出口與供應鏈組織中心,"綠色石化；汽車與零組件；智能物聯；紡織服裝；積體電路；光伏；醫療器材","能源與化工原料；電子零組件；平台資料；全球設備與訂單","跨境電商；全國零售；機電與消費品出口；長三角產業鏈",mofcom_province2025|mot_transportplan2021|nbs_yearbook2025,高
安徽省,皖,中部,內陸製造,"長三角公鐵聯運；製造業電力與數位網絡；區域研發平台",承接長三角產業分工並形成汽車、家電與新興製造集群,"新能源與智慧汽車；智能家電；新一代資訊技術；人工智慧；高端裝備；綠色食品","晶片與電子零組件；電池材料；金屬與化工投入；技術與資本","長三角與全國汽車、家電、電子及食品市場",mofcom_province2025|mot_transportplan2021,中高
福建省,閩,東部,沿海製造,"東南沿海港航；對外貿易與跨境電商；公鐵物流；製造業能源網",海峽西岸出口製造、海運與區域商貿節點,"電子資訊；先進裝備；石化；紡織服裝；新能源與新材料；生物醫藥","能源與石化原料；晶片與零組件；紡織原料；全球設備與訂單","沿海與全球市場；電子與消費品；石化材料；區域供應鏈",mofcom_province2025|mot_transportplan2021,中高
江西省,贛,中部,能源材料,"內陸公鐵與長江水運銜接；礦產與製造物流；區域能源網",中部有色金屬、電子與裝備製造基地，連接長三角與大灣區,"電子資訊；有色金屬；新能源；裝備；石化化工；建材；食品與醫藥","礦石與能源；化工原料；電子零組件；工業設備","有色與新材料；電子與新能源產業；華東與華南市場",mofcom_province2025|mot_transportplan2021,中高
山東省,魯,東部,沿海製造,"沿海港航群；大宗商品物流；公鐵與能源網；農產品冷鏈",北方海運、化工、裝備、農業與消費品製造綜合基地,"高端化工；裝備；新能源與新材料；海洋產業；農業與食品；輕工紡織","原油與礦石；化工原料；農業投入；電子與機械零組件","全國與全球化工、機械、食品、材料及消費品市場",mofcom_province2025|mot_transportplan2021|mot_transport2025,高
河南省,豫,中部,農業物流,"全國性公鐵與航空貨運；糧食收儲加工；冷鏈與商貿物流",中部交通樞紐、糧食食品與承接製造業轉移中心,"糧食與食品；新能源汽車；電子資訊；先進裝備；新材料；現代輕紡","農業投入；能源；電子與汽車零組件；包裝及冷鏈設備","全國糧食食品；電子與裝備；中部消費市場與物流分撥",mofcom_province2025|nbs_yearbook2025|ndrc_logistics2025,中高
湖北省,鄂,中部,內陸製造,"長江水運與公鐵樞紐；能源與通信網；區域研發與資料服務",長江中游物流、光電子、汽車與高端服務中心,"光電子資訊；新能源與智慧汽車；生命健康；高端裝備；軟體與新材料","晶片材料與設備；汽車零組件；能源與金屬；科研人才","長江經濟帶；全國光電、汽車、裝備與健康產業",mofcom_province2025|mot_transportplan2021|ndrc_logistics2025,高
湖南省,湘,中部,內陸製造,"公鐵與長江支流水運；工程裝備物流；能源與數位網絡",中部工程機械、軌道交通裝備、農業與文化服務基地,"工程機械；軌道交通；食品與現代農業；石化；礦業材料；數位與新能源","鋼材與零組件；能源；電子控制系統；農業與化工投入","全國與海外工程裝備；交通設備；食品與材料市場",mofcom_province2025|mot_transportplan2021,高
廣東省,粵,東部,沿海製造,"全球港航與航空；密集高速與城際網；數位通訊；跨境商貿與快遞",大灣區出口製造、科技創新、全球採購與消費市場核心,"電子資訊；家電；汽車；綠色石化；半導體；機器人；精密儀器；輕工紡織；食品","能源與石化原料；晶片設備材料；全球零組件、資本與訂單","全球電子、家電、汽車與消費品市場；全國數位及商貿服務",mofcom_province2025|mot_transportplan2021|mot_transport2025,高
廣西壯族自治區,桂,西部,邊境物流,"北部灣海運；西部陸海新通道；中越公鐵；數位商貿與大宗物流",中國—東盟門戶、西南出海通道與有色材料及農食加工基地,"金屬新材料；汽車；機械；電子資訊；食品與糖業；林業家居；紡織","礦產與能源；農林原料；汽車及電子零組件；跨境貨源","西南省份與東盟市場；金屬材料、食品、汽車及家居產品",mofcom_province2025|mot_transportplan2021|ndrc_logistics2025,高
海南省,瓊,東部,服務貿易,"自由貿易與海空運輸；旅遊服務；熱帶農業冷鏈；數位與醫療服務",自由貿易港、旅遊與現代服務、熱帶農業及消費服務節點,"旅遊；現代服務；高新技術；熱帶農業；醫療與教育服務","島外能源與民生物資；服務人才；冷鏈與數位設備","旅遊與消費服務；熱帶農產品；跨境服務與區域商貿",mofcom_province2025|mot_transportplan2021,中高
重慶市,渝,西部,內陸製造,"長江上游水運；西部陸海新通道；鐵路與公路樞紐；數位與商貿物流",成渝製造、內陸出口與西部多式聯運中心,"智慧汽車；電子資訊；先進材料；裝備；食品；軟體；顯示與醫療器材","電子與汽車零組件；金屬及化工材料；能源；全球設備與訂單","成渝與西部市場；長江經濟帶；東盟及歐亞陸路市場",mofcom_province2025|mot_transportplan2021|ndrc_logistics2025,高
四川省,川,西部,內陸製造,"成渝綜合交通；水電與天然氣系統；航空與公鐵物流；區域研發網",西部人口與消費中心、電子裝備製造、清潔能源與農食供應基地,"電子資訊；裝備；食品輕紡；能源化工；先進材料；醫藥健康；軟體","晶片設備材料；金屬與化工投入；農業原料；能源與技術","西部與全國電子、裝備、食品、醫藥與能源市場",mofcom_province2025|mot_transportplan2021|nea_energy2025,高
貴州省,黔,西部,能源數位,"電力與礦產運輸；高速公路網；資料中心與通信；現代物流",西南能源材料、資料服務、特色食品與農業供應基地,"煤電與新能源；磷與礦產加工；電池材料；資料服務；白酒；茶與食品","電力與水；資料設備與通信；礦石與化工投入；包裝物流","全國資料與數位服務；電池與材料；食品飲料；西南市場",mofcom_province2025|nea_energy2025|mot_transportplan2021,中高
雲南省,滇,西部,邊境物流,"面向東南亞的公鐵與邊境物流；水電系統；航空與農產品冷鏈",西南跨境門戶、綠色能源與有色材料、高原農業供應基地,"綠色鋁；光伏與綠色能源；高原農產品；生物醫藥；新材料；現代物流","礦產與電力；工業設備；農業投入；跨境貨源與服務","東南亞與國內市場；鋁與光伏材料；農產品；旅遊服務",mofcom_province2025|mot_transportplan2021|ndrc_logistics2025,中高
西藏自治區,藏,西部,邊境服務,"高原公路航空與邊境物流；清潔能源；基本公共服務與數位連接",高原公共服務、清潔能源、特色農牧業與南亞方向商貿通道,"清潔能源；高原農牧產品；藏醫藥；旅遊與文化服務；綠色工業","外省設備與民生物資；技術人才；物流與通信服務","區域公共服務；清潔能源；旅遊與特色農牧產品",mofcom_province2025|mot_transportplan2021,中
陝西省,陝,西部,能源製造,"西北公鐵航空樞紐；能源與化工運輸；研發教育網絡；現代物流",西北科教、先進製造、能源化工與東西向物流中心,"汽車；電子資訊；數控機床；鈦與新材料；能源化工；光伏；輸變電裝備","能源與礦產；晶片與零組件；設備與科研人才；化工投入","全國能源與材料；汽車電子及裝備；西北物流與消費市場",mofcom_province2025|mot_transportplan2021|nea_energy2025,高
甘肅省,甘,西部,能源物流,"東西向鐵路公路通道；能源與礦產運輸；新能源電力；陸港物流",西北能源材料、農產品與向西物流通道,"石化；有色金屬；煤電與新能源；機械與電子；新材料；農食加工","礦產與能源；水資源；設備與技術；農業投入","跨區能源與材料；西北及中亞方向物流；工業與農食產品",mofcom_province2025|mot_transportplan2021|nea_energy2025,中高
青海省,青,西部,能源材料,"清潔能源與跨區電力；鹽湖資源運輸；高原公鐵；綠色算力",鹽湖材料、清潔能源、綠色算力與高原農牧產品供應基地,"鉀鋰鎂鹽湖化工；光伏風電與儲能；有色材料；綠色算力；牛羊與青稞","水與電力；採礦化工設備；資料設備；物流與技術人才","電池與化工材料；跨區電力；資料運算；特色農牧產品",mofcom_province2025|nea_energy2025|mot_transportplan2021,中高
寧夏回族自治區,寧,西部,能源材料,"煤化工與電力；跨區能源網；公鐵物流；數位與算力服務",西北煤化工、新材料、清潔能源與特色農牧產品基地,"現代煤化工；新型材料；清潔能源；裝備；數位資訊；葡萄酒與農牧產品","煤炭與水；化工設備與催化材料；資料設備；農業投入","能源化工與新材料；跨區電力；食品飲料；西北市場",mofcom_province2025|nea_energy2025|mot_transportplan2021,中高
新疆維吾爾自治區,新,西部,能源邊貿,"油氣煤與跨區電力；東西向鐵路公路；沿邊口岸物流；農產品集運",全國能源資源、棉花與農食供應，以及面向中亞的陸路商貿門戶,"油氣與煤化工；電力；工業矽與多晶矽；棉花紡織；糧食與果蔬；物流","水資源；採掘與發電設備；化工投入；農業機械；技術與物流服務","跨區能源與材料；紡織與食品；中亞及國內市場",mofcom_province2025|nbs_yearbook2025|nea_energy2025|mot_transportplan2021,高
