side,domain,external_dependence,adaptive_capacity,acute_0_30d,intermediate_1_6m,long_over_6m,evidence_basis,interpretation_note
中國,能源與燃料,高,高,中,中高,高,"2024 原油進口 1110 萬桶/日且 92% 海運；2025 國內一次能源產量 51.3 億噸標煤","海運石油暴露高，但國內煤炭、發電能力、管線來源與政策調度構成緩衝"
中國,糧食與飼料,中高,高,低中,中,中高,"自 2003 年起為農食淨進口者；2025 糧食產量 7.1488 億噸","主要外部依賴集中於油籽、飼料與部分食品，不能等同主糧立即短缺"
中國,外貿與製造需求,高,中高,中,高,高,"2024 貨品出口 3.5765 兆美元；IMF 指出內需偏弱與出口支撐增長","大型內需與多元市場提供緩衝，但長期外需與貿易摩擦更重要"
中國,金融與地方債,中,中高,中,中高,高,"IMF 指出房地產、地方政府財務、債務與通縮壓力","資本管制與國有金融體系提高調度能力，但不會消除資產負債表問題"
中國,先進科技投入,中高,中,低中,中高,高,"WTO 2024 進口結構含高比重積體電路；臺灣為中國第二大進口來源","限制累積效果偏中長期，國內替代與第三地取得降低單一路徑風險"
中國,海運與跨境物流,高,高,中,中高,高,"大量能源與外貿依靠海運；同時具多港口、陸路與大型船隊能力","屬網路型依賴而非單一節點"
中國,數位與跨境資料,中,高,低中,中,中,"龐大國內網路與平台降低外部連線中斷衝擊；跨境貿易仍需資料與金融互通","國內連續性與國際互通應分開評估"
臺灣,能源與燃料,極高,中,高,極高,極高,"2025 進口能源占總供給 95.4%","島嶼物流、燃料發電與工業用能互相耦合，是最高優先的防禦性韌性議題"
臺灣,糧食與飼料,高,中,中,高,極高,"2024 熱量自給率 30.74%、價格自給率 60.2%","高價值農漁產品會拉高價格口徑，熱量與飼料依賴更能反映長期壓力"
臺灣,外貿與製造需求,極高,中高,中高,高,高,"對中港出口占比由 2020 的 43.9% 降至 2024 的 31.7%","市場分散已進展，但總體開放度與製造供應鏈仍使外部衝擊快速傳導"
臺灣,金融與支付,高,中高,中高,高,高,"全社會防衛韌性將金融網絡列為五大主軸之一","需同時維持清算、現金、數位支付與民眾信心，避免把韌性簡化為資安"
臺灣,先進科技投入,高,中,中,高,高,"半導體生產依賴全球設備、材料、軟體、能源與客戶網路","產業價值不能替代自身投入品與公共服務的持續運作"
臺灣,海運與跨境物流,極高,中,高,極高,極高,"島嶼經濟且能源與多數大宗物資仰賴海運","預先契約、分散庫存、配售制度、維修與盟友協調需在危機前完成"
臺灣,數位與跨境資料,高,中高,中高,高,高,"政府已發展海纜、微波與衛星多層備援","已有方向但仍需容量、電力、終端、維修及跨業者演練共同驗證"
