citation_key,year,institution,title,source_type,claim_supported,quality_grade,institutional_bias_note,url,accessed
mnd_ndr2025,2025,中華民國國防部,2025 National Defense Report,官方國防報告,"共軍演練包含封鎖想定；臺灣政策強調全社會韌性",B,"臺灣政府威脅評估，適合描述官方評估與政策，不單獨用來推定中國決策",https://www.mnd.gov.tw/newupload/ndr/114/114ndreng.pdf,2026-08-12
mnd_qdr2025,2025,中華民國國防部,2025 Quadrennial Defense Review,官方政策報告,"備援配置、關鍵基礎設施保護、持續政府運作",B,"臺灣政策立場",https://www.mnd.gov.tw/InformationServices/QDRFile/6/2/2025QDR%E8%8B%B1%E6%96%87%E7%89%88.pdf,2026-08-12
usdod_cmp2025,2025,美國國防部,Military and Security Developments Involving the PRC 2025,法定年度評估,"共軍 2024 年演練包含聯合封鎖；多種對臺施壓選項",B,"美國政府情報評估；機率語句應保留原有不確定性",https://media.defense.gov/2025/Dec/23/2003849070/-1/-1/1/ANNUALREPORT-TO-CONGRESS-MILITARY-AND-SECURITY-DEVELOPMENTS-INVOLVING-THEPEOPLES-REPUBLIC-OF-CHINA-2025.PDF,2026-08-12
prc_whitepaper2022,2022,中華人民共和國國務院新聞辦公室,The Taiwan Question and China’s Reunification in the New Era,官方立場文件,"中國官方稱和平統一為基本原則",A,"只用於中國官方自述，不作為行為預測",https://english.www.gov.cn/archive/whitepaper/202208/10/content_WS62f34f46c6d02e533532f0ac.html,2026-08-12
prc_asl2005,2005,全國人民代表大會,Anti-Secession Law,法律文本,"第八條保留非和平方式的法定條件",A,"適合描述法律內容；不代表即時意圖",https://www.npc.gov.cn/zgrdw/englishnpc/Law/2007-12/13/content_1384099.htm,2026-08-12
moeaea_energy2025,2026,經濟部能源署,能源供給概況（民國114年）,官方統計,"臺灣進口能源占 95.4%；原油、煤、LNG 結構",A,"描述統計的第一手來源",https://www.moeaea.gov.tw/ECW/populace/content/Content.aspx?menu_id=14435,2026-08-12
moa_food2024,2025,農業部統計處,綜合糧食自給率,官方統計,"2024 價格口徑糧食自給率 60.2%；熱量口徑 30.74%",A,"兩種口徑不可互換",https://agrstat.moa.gov.tw/sdweb/public/indicator/Indicator.aspx,2026-08-12
trade_derisk2025,2025,經濟部國際貿易署,去風險化，臺灣對大陸投資及出口占比持續降低,官方統計說明,"臺灣對中港出口占比 2024 為 31.7%、2025Q1 為 28.3%",A,"政策新聞稿帶有成效敘事；數字引自財政部統計",https://www.trade.gov.tw/Pages/Detail.aspx?nodeid=40&pid=800865,2026-08-12
president_resilience,2024,中華民國總統府,Whole-of-Society Defense Resilience Committee,官方政策頁,"五大韌性工作主軸",A,"適合描述政策架構，不等於執行成效",https://english.president.gov.tw/Page/668,2026-08-12
moda_cable2025,2025,數位發展部,Response to Subsea Cable Disruption,官方事件與政策說明,"海纜、微波、衛星的多層備援方向",A,"適合描述政府措施；容量與極端情境成效仍需演練驗證",https://moda.gov.tw/en/press/press-releases/14990,2026-08-12
moda_cable2026,2026,數位發展部,2025 Submarine Cable Damage Analysis Report,官方分析摘要,"2025 海纜損害型態及 19 個衛星頻段、多星系備援方向",A,"政府自評，應與業者測試資料交叉驗證",https://moda.gov.tw/en/press/press-releases/19392,2026-08-12
eia_china2025,2025,美國能源資訊署,China Country Analysis Brief,官方統計分析,"中國 2024 原油進口 1110 萬桶/日；92% 海運",A,"部分底層資料來自商業資料商，頁面揭露來源",https://www.eia.gov/international/content/analysis/countries_long/China/,2026-08-12
nbs_china2025,2026,中國國家統計局,2025 National Economic and Social Development Communiqué,官方統計,"2025 一次能源、煤、電力與糧食產量",A,"官方統計口徑與透明度限制需保留",https://www.stats.gov.cn/english/PressRelease/202602/t20260228_1962661.html,2026-08-12
nbs_grain2025,2025,中國國家統計局,Bulletin on the National Grain Production in 2025,官方統計,"2025 糧食總產量 7.1488 億噸",A,"官方抽樣與彙總統計；適合描述產量，不代表可自由調度庫存",https://www.stats.gov.cn/english/PressRelease/202512/t20251215_1962079.html,2026-08-12
wto_china_profile,2026,世界貿易組織,China Tariff and Trade Data Profile,國際組織資料,"2024 中國進出口規模、夥伴與商品結構",A,"以會員申報與 WTO 資料庫為基礎",https://ttd.wto.org/en/profiles/china,2026-08-12
imf_china2025,2026,國際貨幣基金,People’s Republic of China: 2025 Article IV Consultation,國際組織國別評估,"弱內需、房地產與地方財務、出口依賴及通縮壓力",A,"IMF staff assessment；中國執董聲明另附於同報告",https://www.imf.org/en/publications/cr/issues/2026/02/17/peoples-republic-of-china-2025-article-iv-consultation-press-release-staff-report-and-574028,2026-08-12
oecd_china_agri2025,2025,OECD,Agricultural Policy Monitoring and Evaluation 2025: China,國際組織統計評估,"中國自 2003 年起農食淨進口；油籽、穀物與飼料投入依賴",A,"使用 OECD、FAO、UN Comtrade 與國家資料",https://www.oecd.org/en/publications/agricultural-policy-monitoring-and-evaluation-2025_a80ac398-en/full-report/china_5447e9c6.html,2026-08-12
unctad_rmt2025,2025,UNCTAD,Review of Maritime Transport 2025,國際組織年度報告,"海運繞行、運價與港口延誤的系統性衝擊",A,"全球層級，不可直接當作臺灣或中國的國別效果",https://unctad.org/publication/review-maritime-transport-2025,2026-08-12
worldbank_rdna4,2025,World Bank等,Ukraine Fourth Rapid Damage and Needs Assessment,多邊聯合評估,"烏克蘭能源、運輸、住宅等損害與分散能源復原需求",A,"由烏克蘭政府、世界銀行、歐盟與聯合國共同編製",https://documents.worldbank.org/en/publication/documents-reports/documentdetail/099022025114040022,2026-08-12
itu_ukraine2022,2022,國際電信聯盟,Assessment of Telecommunication Infrastructure Damage and ICT Resilience in Ukraine,國際組織技術評估,"流量重路由、備援節點、預置零件、柴油發電與衛星連線",A,"資料截至 2022-08，適合作早期戰爭經驗而非當前狀態",https://www.itu.int/en/ITU-D/Regional-Presence/Europe/Documents/Interim%20assessment%20on%20damages%20to%20telecommunication%20infrastructure%20and%20resilience%20of%20the%20ICT%20ecosystem%20in%20Ukraine%20-2022-12-22_FINAL.pdf,2026-08-12
nato_ukraine2026,2026,NATO,NATO and Ukraine share lessons learned for strengthening civilian resilience,官方活動與經驗摘要,"地方分權與跨層級協調維持能源、通訊、醫療、糧食、避難與運輸",B,"工作坊摘要而非完整方法報告",https://www.nato.int/en/news-and-events/articles/news/2026/01/14/nato-and-ukraine-share-lessons-learned-for-strengthening-civilian-resilience-and-critical-infrastructure,2026-08-12
osm_map2026,2026,OpenStreetMap contributors,OpenStreetMap world basemap,開放地理資料,"圖 1 世界地圖底圖；不支援依賴強度或因果主張",A,"群眾協作地理資料；本研究僅用作低縮放世界底圖並遵守 ODbL 署名",https://www.openstreetmap.org/copyright,2026-08-12
mofcom_province2025,2025,中華人民共和國商務部,中國外商投資指引（2025版）：各省概覽,官方投資指引,"中國大陸31個省級行政區的官方重點產業與區域功能描述",B,"招商導向材料可能強調優勢與投資機會；適合辨識官方產業定位，不適合推論產能、競爭力或脆弱度",https://fdi.mofcom.gov.cn/come-newzonghe.html?Liindex=17&comeID=8&parentId=161,2026-08-13
nbs_yearbook2025,2025,中華人民共和國國家統計局,中國統計年鑑2025,官方統計年鑑,"2024年各省社會經濟資料及東中西東北區域劃分",A,"官方統計；口徑與空白值須依年鑑說明判讀",https://www.stats.gov.cn/sj/ndsj/2025/html/note.htm,2026-08-13
nbs_industrial_method2025,2025,中華人民共和國國家統計局,主要工業產品產量是如何統計和發布的,官方統計方法說明,"省級主要工業產品產量的調查與發布管道",A,"說明統計方法與發布範圍，不直接支持個別省的產業排名",https://www.stats.gov.cn/zs/tjws/jbtjzswd/tjzb/202503/t20250321_1959112.html,2026-08-13
mot_transportplan2021,2021,中華人民共和國交通運輸部,國家綜合立體交通網規劃綱要,官方規劃,"京津冀、長三角、大灣區、成渝與東中西東北的宏觀交通功能",B,"規劃文件描述政策方向而非已完成的實際能力",https://xxgk.mot.gov.cn/jigou/zhghs/202102/t20210225_3527909.html,2026-08-13
ndrc_logistics2025,2025,中華人民共和國國家發展和改革委員會,國家發展改革委優化調整國家物流樞紐規劃布局,官方政策說明,"國家物流樞紐的資源配置、通道與產業集群協同功能",B,"政策性描述；不等同各樞紐的實際吞吐或績效",https://www.ndrc.gov.cn/fggz/202502/t20250205_1395993_ext.html,2026-08-13
mot_transport2025,2026,中華人民共和國交通運輸部,2025年交通運輸行業發展統計公報,官方統計公報,"全國鐵路、公路、港口、民航與貨運服務規模的背景資料",A,"全國聚合資料，不能直接推論省級分布",https://xxgk.mot.gov.cn/jigou/zhghs/202606/t20260618_4207752.html,2026-08-13
nea_energy2025,2025,中華人民共和國國家能源局,關於促進新能源集成融合發展的指導意見,官方政策文件,"資源富集區的新能源、製造與跨區協同政策背景",B,"政策目標不是現況產量或省級實際供電能力",https://www.nea.gov.cn/20251112/79210278a3184efea9ccf2d546fdf1b7/c.html,2026-08-13
